round,train_loss_local_mean,train_accuracy,train_f1,validation_loss,validation_accuracy,validation_precision,validation_recall,validation_f1,validation_auroc,validation_pr_auc,validation_fpr,test_loss,test_accuracy,test_precision,test_recall,test_f1,test_auroc,test_pr_auc,test_fpr,threshold_used,communication_cost_bytes,validation_accuracy_default_threshold,validation_precision_default_threshold,validation_recall_default_threshold,validation_f1_default_threshold,validation_auroc_default_threshold,validation_pr_auc_default_threshold,validation_fpr_default_threshold,test_accuracy_default_threshold,test_precision_default_threshold,test_recall_default_threshold,test_f1_default_threshold,test_auroc_default_threshold,test_pr_auc_default_threshold,test_fpr_default_threshold
1,0.438946885173713,0.6003182985495714,0.7502486212819818,0.6875629425048828,0.8749367088607595,0.8623804863359181,0.9666666666666667,0.9115505510683165,0.7805917498976304,0.8514561584548654,0.3085232067510549,0.6876223683357239,0.8950773558368496,0.868749538370633,0.9925738396624473,0.9265429910591201,0.7873050259039684,0.8337393295535916,0.299915611814346,0.5080230236053467,5904,0.6666666666666666,0.6666666666666666,1.0,0.8,0.7805917498976304,0.8514561584548654,1.0,0.6666666666666666,0.6666666666666666,1.0,0.8,0.7873050259039684,0.8337393295535916,1.0
2,0.4397096861836542,0.6003182985495714,0.7502486212819818,0.6836917400360107,0.8719549929676512,0.8618291761148904,0.9621940928270042,0.909250398724083,0.7868096209653013,0.8560750064541289,0.3085232067510549,0.6837964057922363,0.8909142053445851,0.8680282213145192,0.9863291139240506,0.9234050957930081,0.7924228880699319,0.8381821418899769,0.299915611814346,0.5138910412788391,5904,0.6666666666666666,0.6666666666666666,1.0,0.8,0.7868096209653013,0.8560750064541289,1.0,0.6666666666666666,0.6666666666666666,1.0,0.8,0.7924228880699319,0.8381821418899769,1.0
3,0.4392979569722391,0.6003182985495714,0.7502486212819818,0.6803451180458069,0.8311673699015472,0.8633489365196683,0.8871729957805907,0.8750988471303117,0.7620481475547011,0.8475052193226918,0.2808438818565401,0.6805233955383301,0.8348241912798875,0.8677999669912527,0.8874261603375527,0.8775033377837116,0.7569480318325055,0.8261536862266026,0.270379746835443,0.5188614726066589,5904,0.6666666666666666,0.6666666666666666,1.0,0.8,0.7620481475547011,0.8475052193226918,1.0,0.6666666666666666,0.6666666666666666,1.0,0.8,0.7569480318325055,0.8261536862266026,1.0
4,0.4373880409908415,0.6003182985495714,0.7502486212819818,0.6768486499786377,0.829817158931083,0.8632584177163085,0.8848945147679325,0.8739425761553528,0.7614440705727358,0.8472908995148865,0.280337552742616,0.6771456599235535,0.8321237693389593,0.8674568965517241,0.8831223628691983,0.8752195366730785,0.755634253769873,0.8257215844008519,0.26987341772151896,0.5238891243934631,5904,0.6666666666666666,0.6666666666666666,1.0,0.8,0.7614440705727358,0.8472908995148865,1.0,0.6666666666666666,0.6666666666666666,1.0,0.8,0.755634253769873,0.8257215844008519,1.0
5,0.4336093190632771,0.6003182985495714,0.7502486212819818,0.6726693511009216,0.8290857946554149,0.8633514761669141,0.8834599156118144,0.87328995662329,0.761071081913511,0.847148041008195,0.279662447257384,0.6731466054916382,0.8309423347398031,0.8674698795180723,0.8810126582278481,0.8741888214360477,0.7550418344638501,0.8255168691055665,0.26919831223628693,0.5297927856445312,5904,0.6666666666666666,0.6666666666666666,1.0,0.8,0.761071081913511,0.847148041008195,1.0,0.6666666666666666,0.6666666666666666,1.0,0.8,0.7550418344638501,0.8255168691055665,1.0
6,0.4273697488644251,0.6003182985495714,0.7502486212819818,0.667466402053833,0.8279606188466948,0.8636664460622104,0.8810126582278481,0.8722533210794553,0.7604177322010361,0.846906488310571,0.2781434599156118,0.6682049632072449,0.829479606188467,0.8675502208885555,0.8783122362869198,0.8728980584559902,0.7543715643860492,0.8252757284631331,0.2681856540084388,0.5372124910354614,5904,0.6666666666666666,0.6666666666666666,1.0,0.8,0.7604177322010361,0.846906488310571,1.0,0.6666666666666666,0.6666666666666666,1.0,0.8,0.7543715643860492,0.8252757284631331,1.0
7,0.4181369274161208,0.6003182985495714,0.7502486212819818,0.6613441705703735,0.8276793248945148,0.8638509316770187,0.880253164556962,0.871974921630094,0.7587349890508999,0.8464080126073776,0.27746835443037976,0.6624326705932617,0.8288607594936709,0.8675513269904858,0.8772151898734177,0.872356495468278,0.7523456141287899,0.8246596369776115,0.26784810126582276,0.5461928844451904,5904,0.6666666666666666,0.6666666666666666,1.0,0.8,0.7587349890508999,0.8464080126073776,1.0,0.6666666666666666,0.6666666666666666,1.0,0.8,0.7523456141287899,0.8246596369776115,1.0
8,0.4054585608961477,0.6003182985495714,0.7502486212819818,0.6548816561698914,0.8277918424753867,0.8638734785128757,0.8804219409282701,0.8720692105153174,0.7588349872705585,0.8464416419261345,0.27746835443037976,0.6563968062400818,0.8291983122362869,0.8676176176176176,0.8777215189873417,0.8726403221746791,0.7524988801652157,0.8247082718251457,0.26784810126582276,0.5559527277946472,5904,0.6666666666666666,0.6666666666666666,1.0,0.8,0.7588349872705585,0.8464416419261345,1.0,0.6666666666666666,0.6666666666666666,1.0,0.8,0.7524988801652157,0.8247082718251457,1.0
9,0.38964446278189513,0.6003182985495714,0.7502486212819818,0.6487470269203186,0.8278481012658228,0.8638847491306507,0.880506329113924,0.8721163490471414,0.7588855133614627,0.8464578062552273,0.27746835443037976,0.650741696357727,0.829310829817159,0.8676396997497915,0.8778902953586498,0.8727348993288591,0.752630753618544,0.8247480451830513,0.26784810126582276,0.5653983354568481,5904,0.6666666666666666,0.6666666666666666,1.0,0.8,0.7588855133614627,0.8464578062552273,1.0,0.6666666666666666,0.6666666666666666,1.0,0.8,0.752630753618544,0.8247480451830513,1.0
10,0.3708190088352514,0.6003182985495714,0.7502486212819818,0.6435789465904236,0.8278481012658228,0.8638847491306507,0.880506329113924,0.8721163490471414,0.7589023126635689,0.8464624436339538,0.27746835443037976,0.6460750699043274,0.829479606188467,0.8676728091386642,0.8781434599156118,0.872876735310154,0.7527291068026848,0.8247789776459193,0.26784810126582276,0.573107123374939,5904,0.6666666666666666,0.6666666666666666,1.0,0.8,0.7589023126635689,0.8464624436339538,1.0,0.6666666666666666,0.6666666666666666,1.0,0.8,0.7527291068026848,0.8247789776459193,1.0
11,0.34928139401962616,0.6003182985495714,0.7502486212819818,0.639535665512085,0.8279043600562588,0.863896017882275,0.880590717299578,0.872163483639099,0.7589463583115242,0.8464760951233434,0.27746835443037976,0.6425333619117737,0.8296483825597749,0.8677059019673224,0.8783966244725738,0.8730185356034555,0.7528539016183304,0.8248210255990012,0.26784810126582276,0.5783684253692627,5904,0.6666666666666666,0.6666666666666666,1.0,0.8,0.7589463583115242,0.8464760951233434,1.0,0.6666666666666666,0.6666666666666666,1.0,0.8,0.7528539016183304,0.8248210255990012,1.0
12,0.32554713702756605,0.6003182985495714,0.7502486212819818,0.636536180973053,0.8280168776371308,0.8639185497889248,0.8807594936708861,0.8722577410053906,0.7590131211166301,0.8464980977372919,0.27746835443037976,0.6400240659713745,0.830098452883263,0.8677940686437854,0.8790717299578059,0.8733964953466924,0.7529792590218805,0.8248571403735132,0.26784810126582276,0.5810149312019348,5904,0.6666666666666666,0.6666666666666666,1.0,0.8,0.7590131211166301,0.8464980977372919,1.0,0.6666666666666666,0.6666666666666666,1.0,0.8,0.7529792590218805,0.8248571403735132,1.0
13,0.30059281020582496,0.6003182985495714,0.7502486212819818,0.6344170570373535,0.8270604781997187,0.8639077790678388,0.8790717299578059,0.8714237911995985,0.7584025921771795,0.8462756556504969,0.2769620253164557,0.6383801698684692,0.8286357243319269,0.8675684702738811,0.8767932489451477,0.8721564677243347,0.7522743648631808,0.8245932747111717,0.2676793248945148,0.5812661647796631,5904,0.6666666666666666,0.6666666666666666,1.0,0.8,0.7584025921771795,0.8462756556504969,1.0,0.6666666666666666,0.6666666666666666,1.0,0.8,0.7522743648631808,0.8245932747111717,1.0
14,0.27595664366198136,0.6003182985495714,0.7502486212819818,0.6327519416809082,0.8272855133614627,0.8639529099651799,0.879409282700422,0.8716125794580127,0.7585168758567893,0.8463115875535443,0.2769620253164557,0.6371810436248779,0.8291420534458509,0.8676679182311222,0.8775527426160338,0.8725823368995175,0.75234654702772,0.8246059841923908,0.2676793248945148,0.5800724029541016,5904,0.6666666666666666,0.6666666666666666,1.0,0.8,0.7585168758567893,0.8463115875535443,1.0,0.6666666666666666,0.6666666666666666,1.0,0.8,0.75234654702772,0.8246059841923908,1.0
15,0.25272674311535676,0.6003182985495714,0.7502486212819818,0.6312409043312073,0.8273980309423348,0.8639754641909815,0.8795780590717299,0.871706949903822,0.7582781320657301,0.8461226497382904,0.2769620253164557,0.636132538318634,0.829592123769339,0.8677561911114817,0.8782278481012659,0.8729606173719751,0.7521054959141162,0.8243817962823057,0.2676793248945148,0.5784366726875305,5904,0.6666666666666666,0.6666666666666666,1.0,0.8,0.7582781320657301,0.8461226497382904,1.0,0.6666666666666666,0.6666666666666666,1.0,0.8,0.7521054959141162,0.8243817962823057,1.0
16,0.23198670142600353,0.6003182985495714,0.7502486212819818,0.6295763254165649,0.8276230661040788,0.8640205502154458,0.879915611814346,0.8718956434484488,0.7583917961865085,0.8461564043052469,0.2769620253164557,0.6349400877952576,0.830098452883263,0.8678553574404266,0.8789873417721519,0.87338587959081,0.7523423026936568,0.8244489915397922,0.2676793248945148,0.5770450830459595,5904,0.6666666666666666,0.6666666666666666,1.0,0.8,0.7583917961865085,0.8461564043052469,1.0,0.6666666666666666,0.6666666666666666,1.0,0.8,0.7523423026936568,0.8244489915397922,1.0
17,0.2140978668140406,0.6003182985495714,0.7502486212819818,0.6276894807815552,0.8278481012658228,0.864065606361829,0.880253164556962,0.872084273890143,0.7592188929836743,0.846397382837258,0.2769620253164557,0.6335315108299255,0.8304922644163151,0.8679323840452994,0.8795780590717299,0.873716417284882,0.7532512738343214,0.8247073245881351,0.2676793248945148,0.5763225555419922,5904,0.6666666666666666,0.6666666666666666,1.0,0.8,0.7592188929836743,0.846397382837258,1.0,0.6666666666666666,0.6666666666666666,1.0,0.8,0.7532512738343214,0.8247073245881351,1.0
18,0.19865174917101022,0.6003182985495714,0.7502486212819818,0.625476062297821,0.8280731364275669,0.8641106326598211,0.880590717299578,0.8722728412605534,0.7602509355694421,0.8466944133380507,0.2769620253164557,0.6318121552467346,0.8307735583684951,0.8679873480938904,0.88,0.8739523969158565,0.7543499296765119,0.8250097786871595,0.2676793248945148,0.5764697194099426,5904,0.6666666666666666,0.6666666666666666,1.0,0.8,0.7602509355694421,0.8466944133380507,1.0,0.6666666666666666,0.6666666666666666,1.0,0.8,0.7543499296765119,0.8250097786871595,1.0
19,0.18545868267435553,0.6003182985495714,0.7502486212819818,0.6232460141181946,0.8282981715893108,0.8641556291390728,0.8809282700421941,0.872461345591308,0.760345144118642,0.8451915670441095,0.2769620253164557,0.6300841569900513,0.8310548523206751,0.868042266411515,0.8804219409282701,0.8741882776823495,0.7545135074507292,0.8236025284381296,0.2676793248945148,0.576691746711731,5904,0.6666666666666666,0.6666666666666666,1.0,0.8,0.760345144118642,0.8451915670441095,1.0,0.6666666666666666,0.6666666666666666,1.0,0.8,0.7545135074507292,0.8236025284381296,1.0
20,0.1743061376619993,0.6003182985495714,0.7502486212819818,0.6209530234336853,0.8284669479606188,0.8641893569477779,0.8811814345991561,0.8726026824886141,0.7604347593868502,0.8467510661327846,0.2769620253164557,0.6282980442047119,0.8313924050632912,0.8681081081081081,0.8809282700421941,0.8744712041884817,0.7546426320568285,0.8250924143377455,0.2676793248945148,0.5771058797836304,5904,0.6666666666666666,0.6666666666666666,1.0,0.8,0.7604347593868502,0.8467510661327846,1.0,0.6666666666666666,0.6666666666666666,1.0,0.8,0.7546426320568285,0.8250924143377455,1.0
21,0.16425799056927945,0.6003182985495714,0.7502486212819818,0.6186600923538208,0.8288045007032349,0.8642567623459343,0.8816877637130802,0.8728852500104433,0.7609062579002653,0.8470130395625297,0.2769620253164557,0.6265022158622742,0.8316174402250351,0.8681519660819685,0.8812658227848101,0.8746597428703045,0.755182787658673,0.8254014672530113,0.2676793248945148,0.577782392501831,5904,0.6666666666666666,0.6666666666666666,1.0,0.8,0.7609062579002653,0.8470130395625297,1.0,0.6666666666666666,0.6666666666666666,1.0,0.8,0.755182787658673,0.8254014672530113,1.0
22,0.15573232868568054,0.6003182985495714,0.7502486212819818,0.6163597106933594,0.8289732770745429,0.8642904399603043,0.8819409282700422,0.8730264806615988,0.7609775071658744,0.8470356813130088,0.2769620253164557,0.6246890425682068,0.8317862165963432,0.8681848404255319,0.8815189873417721,0.8748011054350557,0.755267403728035,0.8254207134397289,0.2676793248945148,0.5787913203239441,5904,0.6666666666666666,0.6666666666666666,1.0,0.8,0.7609775071658744,0.8470356813130088,1.0,0.6666666666666666,0.6666666666666666,1.0,0.8,0.755267403728035,0.8254207134397289,1.0
23,0.14822677750487157,0.6003182985495714,0.7502486212819818,0.614149808883667,0.829310829817159,0.8643577450818317,0.8824472573839662,0.8733088358109237,0.7611297548469796,0.8470890951510672,0.2769620253164557,0.6229554414749146,0.8319549929676512,0.8682176983797258,0.8817721518987341,0.8749424324890098,0.7553916573198739,0.825452742986162,0.2676793248945148,0.5797677636146545,5904,0.6666666666666666,0.6666666666666666,1.0,0.8,0.7611297548469796,0.8470890951510672,1.0,0.6666666666666666,0.6666666666666666,1.0,0.8,0.7553916573198739,0.825452742986162,1.0
24,0.14150330318073498,0.6003182985495714,0.7502486212819818,0.6120412349700928,0.8294233473980309,0.8643801652892562,0.8826160337552743,0.8734029227557412,0.7611832149406257,0.847105457071107,0.2769620253164557,0.621322512626648,0.8321800281293952,0.8682614835119196,0.8821097046413502,0.8751308133450542,0.7555337214477736,0.825495401606304,0.2676793248945148,0.5806297659873962,5904,0.6666666666666666,0.6666666666666666,1.0,0.8,0.7611832149406257,0.847105457071107,1.0,0.6666666666666666,0.6666666666666666,1.0,0.8,0.7555337214477736,0.825495401606304,1.0
25,0.13580260031001876,0.6003182985495714,0.7502486212819818,0.6100214123725891,0.8296483825597749,0.8644249834765367,0.8829535864978902,0.8735910495115639,0.7612619060335775,0.8471336497247444,0.2769620253164557,0.6197634339332581,0.8322925457102672,0.868283365169006,0.8822784810126583,0.8752249801180361,0.7556302658049813,0.8255229015619825,0.2676793248945148,0.5816332697868347,5904,0.6666666666666666,0.6666666666666666,1.0,0.8,0.7612619060335775,0.8471336497247444,1.0,0.6666666666666666,0.6666666666666666,1.0,0.8,0.7556302658049813,0.8255229015619825,1.0
26,0.13022864210012156,0.6003182985495714,0.7502486212819818,0.6082295775413513,0.8297046413502109,0.8644361833952912,0.8830379746835443,0.8736380713838447,0.7612714629065855,0.8471360280220038,0.2769620253164557,0.6184177398681641,0.8324613220815752,0.868316174028562,0.8825316455696203,0.8753662007198459,0.7557183286154285,0.8255488130004707,0.2676793248945148,0.5821842551231384,5904,0.6666666666666666,0.6666666666666666,1.0,0.8,0.7612714629065855,0.8471360280220038,1.0,0.6666666666666666,0.6666666666666666,1.0,0.8,0.7557183286154285,0.8255488130004707,1.0
27,0.1253314408087971,0.6003182985495714,0.7502486212819818,0.6065531373023987,0.829817158931083,0.8644585776823326,0.8832067510548524,0.8737321033518387,0.7613012871868824,0.8471462891871584,0.2769620253164557,0.6171765923500061,0.8326300984528833,0.8683489665476882,0.8827848101265823,0.8755073858643344,0.7558063486976802,0.8255755156189151,0.2676793248945148,0.5826081037521362,5904,0.6666666666666666,0.6666666666666666,1.0,0.8,0.7613012871868824,0.8471462891871584,1.0,0.6666666666666666,0.6666666666666666,1.0,0.8,0.7558063486976802,0.8255755156189151,1.0
28,0.12089465397529703,0.6003182985495714,0.7502486212819818,0.6049588918685913,0.829817158931083,0.8644585776823326,0.8832067510548524,0.8737321033518387,0.7612757357261122,0.847136250430339,0.2769620253164557,0.6160050630569458,0.8326300984528833,0.8683489665476882,0.8827848101265823,0.8755073858643344,0.7558353326568036,0.8255812235526286,0.2676793248945148,0.5832108855247498,5904,0.6666666666666666,0.6666666666666666,1.0,0.8,0.7612757357261122,0.847136250430339,1.0,0.6666666666666666,0.6666666666666666,1.0,0.8,0.7558353326568036,0.8255812235526286,1.0
29,0.11682824355121407,0.6003182985495714,0.7502486212819818,0.60346919298172,0.829873417721519,0.8644697720515362,0.8832911392405063,0.873779113448535,0.7612762555858213,0.8471362646710173,0.2769620253164557,0.6149302124977112,0.8327426160337553,0.8683708191551166,0.8829535864978902,0.8756014896020754,0.7558894479161103,0.8255972348862519,0.2676793248945148,0.5835780501365662,5904,0.6666666666666666,0.6666666666666666,1.0,0.8,0.7612762555858213,0.8471362646710173,1.0,0.6666666666666666,0.6666666666666666,1.0,0.8,0.7558894479161103,0.8255972348862519,1.0
30,0.11324585451170653,0.6003182985495714,0.7502486212819818,0.6020877361297607,0.830042194092827,0.8645033440673767,0.8835443037974684,0.8739201201953174,0.7613403763641868,0.8449244484589115,0.2769620253164557,0.6139477491378784,0.8329113924050633,0.8684035844673084,0.8832067510548524,0.8757426156806962,0.7559190087058698,0.8235796672552866,0.2676793248945148,0.5839592814445496,5904,0.6666666666666666,0.6666666666666666,1.0,0.8,0.7613403763641868,0.8449244484589115,1.0,0.6666666666666666,0.6666666666666666,1.0,0.8,0.7559190087058698,0.8235796672552866,1.0
31,0.1099187701249772,0.6003182985495714,0.7502486212819818,0.6007962226867676,0.8302109704641351,0.8645368994551759,0.8837974683544304,0.8740610916374562,0.7614073029607079,0.8456472006166755,0.2769620253164557,0.6130458116531372,0.8329676511954993,0.8684145026134572,0.8832911392405063,0.8757896498347488,0.7559458704979615,0.8241567092706426,0.2676793248945148,0.5844446420669556,5904,0.6666666666666666,0.6666666666666666,1.0,0.8,0.7614073029607079,0.8456472006166755,1.0,0.6666666666666666,0.6666666666666666,1.0,0.8,0.7559458704979615,0.8241567092706426,1.0
32,0.10711792891396243,0.6003182985495714,0.7502486212819818,0.5995862483978271,0.8302109704641351,0.8645368994551759,0.8837974683544304,0.8740610916374562,0.7613807545087148,0.8456384971287216,0.2769620253164557,0.6122165322303772,0.8329676511954993,0.8684145026134572,0.8832911392405063,0.8757896498347488,0.7560030265804982,0.8241742126741755,0.2676793248945148,0.5850117802619934,5904,0.6666666666666666,0.6666666666666666,1.0,0.8,0.7613807545087148,0.8456384971287216,1.0,0.6666666666666666,0.6666666666666666,1.0,0.8,0.7560030265804982,0.8241742126741755,1.0
33,0.10388744525976941,0.6003182985495714,0.7502486212819818,0.5985538363456726,0.830323488045007,0.8645592604820073,0.8839662447257384,0.8741550529917383,0.7614257188128684,0.8456544266581212,0.2769620253164557,0.6115608215332031,0.8331364275668073,0.8684472461844724,0.8835443037974684,0.8759307286873588,0.7560568071356086,0.8241910578326935,0.2676793248945148,0.5846651196479797,5904,0.6666666666666666,0.6666666666666666,1.0,0.8,0.7614257188128684,0.8456544266581212,1.0,0.6666666666666666,0.6666666666666666,1.0,0.8,0.7560568071356086,0.8241910578326935,1.0
34,0.10147867790889668,0.6003182985495714,0.7502486212819818,0.59751957654953,0.830436005625879,0.8645816141277438,0.8841350210970464,0.8742489986648865,0.7614765368797735,0.8472084597047159,0.2769620253164557,0.610883355140686,0.8332489451476793,0.8684690661801294,0.8837130801687764,0.87602476158608,0.7560685004183803,0.8256479353805057,0.2676793248945148,0.5851913690567017,5904,0.6666666666666666,0.6666666666666666,1.0,0.8,0.7614765368797735,0.8472084597047159,1.0,0.6666666666666666,0.6666666666666666,1.0,0.8,0.7560685004183803,0.8256479353805057,1.0
35,0.09859740679269229,0.6003182985495714,0.7502486212819818,0.5966590046882629,0.830436005625879,0.8645816141277438,0.8841350210970464,0.8742489986648865,0.761462037778846,0.8472031071366914,0.2769620253164557,0.6103842258453369,0.8332489451476793,0.8684690661801294,0.8837130801687764,0.87602476158608,0.7560890954084993,0.8256540652453942,0.2676793248945148,0.5847626328468323,5904,0.6666666666666666,0.6666666666666666,1.0,0.8,0.761462037778846,0.8472031071366914,1.0,0.6666666666666666,0.6666666666666666,1.0,0.8,0.7560890954084993,0.8256540652453942,1.0
36,0.09651002618968002,0.6003182985495714,0.7502486212819818,0.5957822203636169,0.8304922644163151,0.8645927881838436,0.8842194092827004,0.8742959656222621,0.7614751695775248,0.8472075124569984,0.2769620253164557,0.609847903251648,0.8333614627285514,0.8684908789386402,0.8838818565400844,0.8761187787536595,0.7561178443625487,0.8256628642057203,0.2676793248945148,0.5852090120315552,5904,0.6666666666666666,0.6666666666666666,1.0,0.8,0.7614751695775248,0.8472075124569984,1.0,0.6666666666666666,0.6666666666666666,1.0,0.8,0.7561178443625487,0.8256628642057203,1.0
37,0.0945182138087005,0.6003182985495714,0.7502486212819818,0.5950400233268738,0.8305485232067511,0.8646039603960396,0.8843037974683544,0.8743429286608261,0.7615000872367319,0.8472160266029602,0.2769620253164557,0.6094362735748291,0.8333614627285514,0.8684908789386402,0.8838818565400844,0.8761187787536595,0.7561143477719026,0.8256604688547053,0.2676793248945148,0.5852277874946594,5904,0.6666666666666666,0.6666666666666666,1.0,0.8,0.7615000872367319,0.8472160266029602,1.0,0.6666666666666666,0.6666666666666666,1.0,0.8,0.7561143477719026,0.8256604688547053,1.0
38,0.09201125344422793,0.6003182985495714,0.7502486212819818,0.594359278678894,0.830604781997187,0.8646151307647884,0.8843881856540085,0.8743898877810687,0.7615311577560577,0.8472262019717185,0.2769620253164557,0.6090914011001587,0.8333614627285514,0.8684908789386402,0.8838818565400844,0.8761187787536595,0.7561396001353059,0.8256683787173059,0.2676793248945148,0.5848758816719055,5904,0.6666666666666666,0.6666666666666666,1.0,0.8,0.7615311577560577,0.8472262019717185,1.0,0.6666666666666666,0.6666666666666666,1.0,0.8,0.7561396001353059,0.8256683787173059,1.0
39,0.0901493523710019,0.6003182985495714,0.7502486212819818,0.5937522053718567,0.830604781997187,0.8646151307647884,0.8843881856540085,0.8743898877810687,0.7615352098132421,0.8456904695021371,0.2769620253164557,0.6088019609451294,0.8333614627285514,0.8684908789386402,0.8838818565400844,0.8761187787536595,0.7561683419679894,0.8242236242639728,0.2676793248945148,0.5846776962280273,5904,0.6666666666666666,0.6666666666666666,1.0,0.8,0.7615352098132421,0.8456904695021371,1.0,0.6666666666666666,0.6666666666666666,1.0,0.8,0.7561683419679894,0.8242236242639728,1.0
40,0.08830341686895132,0.6003182985495714,0.7502486212819818,0.5931814312934875,0.830604781997187,0.8646151307647884,0.8843881856540085,0.8743898877810687,0.7615189944631381,0.8472217640529216,0.2769620253164557,0.6085410714149475,0.8333614627285514,0.8684908789386402,0.8838818565400844,0.8761187787536595,0.7561560932186794,0.825673094756558,0.2676793248945148,0.5847324728965759,5904,0.6666666666666666,0.6666666666666666,1.0,0.8,0.7615189944631381,0.8472217640529216,1.0,0.6666666666666666,0.6666666666666666,1.0,0.8,0.7561560932186794,0.825673094756558,1.0
41,0.08658464366541892,0.6003182985495714,0.7502486212819818,0.5926793217658997,0.830604781997187,0.8646151307647884,0.8843881856540085,0.8743898877810687,0.7615157257562001,0.8472205106829027,0.2769620253164557,0.6083399653434753,0.8333614627285514,0.8684908789386402,0.8838818565400844,0.8761187787536595,0.7561444426641029,0.8256688755199547,0.2676793248945148,0.5846070051193237,5904,0.6666666666666666,0.6666666666666666,1.0,0.8,0.7615157257562001,0.8472205106829027,1.0,0.6666666666666666,0.6666666666666666,1.0,0.8,0.7561444426641029,0.8256688755199547,1.0
42,0.08496711087583808,0.6003182985495714,0.7502486212819818,0.592235803604126,0.830604781997187,0.8646151307647884,0.8843881856540085,0.8743898877810687,0.7615127632679949,0.8449841578276067,0.2769620253164557,0.6081902980804443,0.8333614627285514,0.8684908789386402,0.8838818565400844,0.8761187787536595,0.7561343018390928,0.8236403842144957,0.2676793248945148,0.5843376517295837,5904,0.6666666666666666,0.6666666666666666,1.0,0.8,0.7615127632679949,0.8449841578276067,1.0,0.6666666666666666,0.6666666666666666,1.0,0.8,0.7561343018390928,0.8236403842144957,1.0
43,0.08333096413672895,0.6003182985495714,0.7502486212819818,0.5918428301811218,0.830661040787623,0.8646262992905461,0.8844725738396625,0.8744368429834807,0.7615372607666152,0.8472278627847414,0.2769620253164557,0.6080794930458069,0.8334739803094233,0.8685126844636047,0.8840506329113924,0.8762127801940448,0.756125770442771,0.8256621521961981,0.2676793248945148,0.5840518474578857,5904,0.6666666666666666,0.6666666666666666,1.0,0.8,0.7615372607666152,0.8472278627847414,1.0,0.6666666666666666,0.6666666666666666,1.0,0.8,0.756125770442771,0.8256621521961981,1.0
44,0.08202984022876332,0.6003182985495714,0.7502486212819818,0.5914927124977112,0.830661040787623,0.8646262992905461,0.8844725738396625,0.8744368429834807,0.7615317915576207,0.8456897883019141,0.2769620253164557,0.6080030202865601,0.8334739803094233,0.8685126844636047,0.8840506329113924,0.8762127801940448,0.7561169684345457,0.824205104749769,0.2676793248945148,0.5840737819671631,5904,0.6666666666666666,0.6666666666666666,1.0,0.8,0.7615317915576207,0.8456897883019141,1.0,0.6666666666666666,0.6666666666666666,1.0,0.8,0.7561169684345457,0.824205104749769,1.0
45,0.08060273950721956,0.6003182985495714,0.7502486212819818,0.5911901593208313,0.830661040787623,0.8646262992905461,0.8844725738396625,0.8744368429834807,0.761530381527177,0.8449907740531097,0.2769620253164557,0.607973575592041,0.8334739803094233,0.8685126844636047,0.8840506329113924,0.8762127801940448,0.7561191404511385,0.8236351834599698,0.2676793248945148,0.5838358998298645,5904,0.6666666666666666,0.6666666666666666,1.0,0.8,0.761530381527177,0.8449907740531097,1.0,0.6666666666666666,0.6666666666666666,1.0,0.8,0.7561191404511385,0.8236351834599698,1.0
46,0.07922349930310844,0.6003182985495714,0.7502486212819818,0.5909273624420166,0.830661040787623,0.8646262992905461,0.8844725738396625,0.8744368429834807,0.7615268493297014,0.8449896804500707,0.2769620253164557,0.6079796552658081,0.8334739803094233,0.8685126844636047,0.8840506329113924,0.8762127801940448,0.7561381188912033,0.8236424527044153,0.2676793248945148,0.5833953619003296,5904,0.6666666666666666,0.6666666666666666,1.0,0.8,0.7615268493297014,0.8449896804500707,1.0,0.6666666666666666,0.6666666666666666,1.0,0.8,0.7561381188912033,0.8236424527044153,1.0
47,0.07791555465755429,0.6003182985495714,0.7502486212819818,0.5907047986984253,0.8307172995780591,0.8646374659737689,0.8845569620253164,0.8744837942685522,0.7615475012907474,0.8472324245841343,0.2769620253164557,0.6080155968666077,0.8335302390998593,0.8685235845146315,0.8841350210970464,0.8762597750177727,0.7561333190906017,0.8256654056861163,0.2676793248945148,0.583188533782959,5904,0.6666666666666666,0.6666666666666666,1.0,0.8,0.7615475012907474,0.8472324245841343,1.0,0.6666666666666666,0.6666666666666666,1.0,0.8,0.7561333190906017,0.8256654056861163,1.0
48,0.07672049597790666,0.6003182985495714,0.7502486212819818,0.5905222296714783,0.8307172995780591,0.8646374659737689,0.8845569620253164,0.8744837942685522,0.7615498086132919,0.844998305320051,0.2769620253164557,0.60808926820755,0.8335302390998593,0.8685235845146315,0.8841350210970464,0.8762597750177727,0.7561250725489149,0.8236387374725641,0.2676793248945148,0.582774817943573,5904,0.6666666666666666,0.6666666666666666,1.0,0.8,0.7615498086132919,0.844998305320051,1.0,0.6666666666666666,0.6666666666666666,1.0,0.8,0.7561250725489149,0.8236387374725641,1.0
49,0.0756376238699739,0.6003182985495714,0.7502486212819818,0.5903816223144531,0.8307172995780591,0.8646374659737689,0.8845569620253164,0.8744837942685522,0.7615504352934893,0.8449983055916024,0.2769620253164557,0.6081863045692444,0.8335302390998593,0.8685235845146315,0.8841350210970464,0.8762597750177727,0.7561200519859709,0.8236372388574551,0.2676793248945148,0.5829811692237854,5904,0.6666666666666666,0.6666666666666666,1.0,0.8,0.7615504352934893,0.8449983055916024,1.0,0.6666666666666666,0.6666666666666666,1.0,0.8,0.7561200519859709,0.8236372388574551,1.0
50,0.07457209120317755,0.6003182985495714,0.7502486212819818,0.5902724862098694,0.8307172995780591,0.8646374659737689,0.8845569620253164,0.8744837942685522,0.7615506845412949,0.8472333491515995,0.2769620253164557,0.60831618309021,0.8335302390998593,0.8685235845146315,0.8841350210970464,0.8762597750177727,0.7561177945129877,0.8256610642312158,0.2676793248945148,0.5828211903572083,5904,0.6666666666666666,0.6666666666666666,1.0,0.8,0.7615506845412949,0.8472333491515995,1.0,0.6666666666666666,0.6666666666666666,1.0,0.8,0.7561177945129877,0.8256610642312158,1.0
